title,alternate_titles,region,country,publisher,developer,release_date,players,coop,genre,esrb_rating,description
"2048 - Atari 7800 Edition","2048","NTSC-U","United States of America","AtariAge","AtariAge","2021-11-13","1","No","Puzzle | Unofficial","Not Rated","Make a 2048 tile!

The game is played on a 4 x 4 board and the player starts with two number 2 tiles. 
Each turn where the player makes a valid move, another number 2 tile is added to the game board (a valid move is moving the tiles, or combining tiles). If you try to move in such a way that no move is completed, a turn is not registered and no new number ""2"" is added to the board.
You make new tiles by combining the tiles already on the board. Combine 2 and 2 to make a 4, combine 4 and 4 to make an 8 and so on, combine a 1024 and 1024 to make a 2048.
Game over occurs when the board is full and you no longer have a valid move available (ie no way to move or combine tiles)."
"32 in 1","","Region Not Set","","Atari, Inc.","Atari","1988-01-01","2","No","Action","E - Everyone","PAL only release. Includes UFO, Fun with Numbers, Flag Capture, Golf, Adventure, Freeway rabbit, Football, Fishing, Boxing, Freeway Chicken, Combat, Skiing, Soccer, Skydiver, Basketball, Bowling, Human Cannonball, 3D Tic-Tac-Toe, Reversi (original name - othello), Surround, Blackjack, Miniaturer Golf, Slot Racers, Space War, Air-Sea Battle, Tennis, Slot Machine, Stampede, Fish Derby, Laser Blast, Ant Party  (original name - Cosmic Swarm) and Homerun. 

Selecting Games on the Atari 7800

1. Insert the 32 in 1 games cartridge.
2. Toggle the ON/OFF switch on the console between the ON and OFF positions. The 32 games will appear in sequential order.
3. Press the RESET button on the console to begin playing a game."
"3D Asteroids","","Region Not Set","","Atari, Inc.","Atari","1987-01-01","1","No","Shooter","E - Everyone","This is a pre-release prototype of Asteroids. Like the release version, this game title screen has a copyright date of 1984, but the rom file name indicates 1987. Apparently, this was another one of the projects halted when Jack Tramiel took over Atari."
"A.R.T.I.","Archaeological Rescue Team International","NTSC","United States of America","AtariAge","","2023-10-01","1","No","Adventure | Puzzle","Not Rated","No overview is currently available for this title, please feel free to add one."
"Ace of Aces","","Region Not Set","","Atari, Inc.","Artech Studios","1988-06-01","1","No","Flight Simulator","","Trump That Ace!

It's World War II and Britain's Royal Air Force is up to its neck in Axis attacks. As one of the RAF's most aggressive pilots, you're in on flying the most crucial missions to stall the enemy.

They attack by land, air, and sea. Your only allies are your DeHavilland Mosquito, your weapons, and your wits. Chase the Nazi bombers, sink the U-boats before they can dive, outrun the V-1 buzz bombs, and stop the POW trains from reaching the enemy lines.

Choose your ammunition and fuel wisely -- once you're on a mission, there's no turning back. To be an Ace, you need four enemy defeats. To be Ace of Aces, you've got to be the best!"
"Alien Brigade","","Region Not Set","","Atari, Inc.","Atari","1990-07-02","1","No","Action","","The Plutoid Alien Zombie force has infiltrated the Army. They look like soldiers but are actually Aliens from outer space.

You control a special task force to destroy the Aliens. As you shoot away at nasty enemies, you can earn powerful weapons, rescue hostages and most of all, stay alive. The challenge is there--beat the Aliens or you'll have to join them."
"Alpha Race","","Region Not Set","","","","2015-09-11","1","No","Action","Not Rated","Destroy the droid ships while avoiding space mines and strategically bouncing off the edge barriers. Alpha Race plays similar to Omega Race, except that Alpha Race has an actual race against the timer component that adds extra tension. Plus, after destroying all the enemies on a particular level, you must escape by flying into a warp gate before the new more aggressive opponent blasts you out of the sky!"
"Arkanoid","","Region Not Set","","","","2019-01-01","1","No","Action","Not Rated","The era and time of this story is unknown. After the mothership “Arkanoid” was destroyed, a spacecraft “Vaus” scrambled away from it. But only to be trapped in space warped by someone..."
"Armor Attack II","","Region Not Set","","AtariAge","Bob DeCrescenzo","2013-01-01","2","No","Action","Not Rated","No overview is currently available for this title, please feel free to add one."
"Asteroids","","Region Not Set","","Atari, Inc.","Atari","1987-11-01","2","Yes","Action | Shooter","","Start blasting! It's your only way out of this cloud of hurtling astral bodies. Peripheral vision. Lightning reflexes. And cool control. That's what it takes to save your ship. And your life!

 - 8 waves of devastating asteroids.
 - For 1 or 2 players.
 - Competing player ships can appear on screen simultaneously."
"ASTEROIDS Deluxe","","Region Not Set","","Robert DeCrescenzo","Robert DeCrescenzo","2007-01-01","2","No","Shooter","E - Everyone","...It seems as though you've been here before - but this time, it's much worse! The Asteroids are faster, the enemy ships are much more skilled marksmen than your first time through this galaxy...and what's this odd hexagon-shaped craft I keep hearing about? Asteroids plunge at you! Trapped in a gigantic cloud of asteroids, your struggling spaceship hurls towards its doom. You'll have to pulverize all the asteroids with your photon cannon to save your ship and your life!

Rubble from an exploding asteroid bounces off your ship's hull. A glowing blur flashes across your viewing screen. So that's where the rubble came from! The asteroid was blasted by an Alien Robot Saucer! Alien Robot Saucers are also trapped in the asteroid cloud. And they fire at you! You know that the metal in your ship's hull will register on their target finders before the asteroids do. The saucers could be a worse danger than the asteroids! More rubble strikes your ship. Its hull rings like a bell. If you don't get busy, that could be your death knell!

Robert DeCrescenzo brings another classic Atari arcade game to the Atari 7800: Asteroids Deluxe! If you're a fan of the original arcade game Asteroids or its sequel, Asteroids Deluxe, you'll want to grab your joystick and start blasting! Asteroids Deluxe brings new graphics and gameplay elements into play, such as the Killer Satellite that when shot breaks into smaller pieces that take direct aim for your ship! There are also two new game variations: Competition Asteroids where you compete against another player for points (and your shots destroy the other player!), and Team Asteroids where you and another player share reserve ships and don't need to worry about friendly fire. Asteroids Deluxe for the 7800 is an extensively modified version of the original Atari 7800 game Asteroids."
"Asteroids VE","","Region Not Set","","AtariAge","Bob DeCrescenzo","2005-01-01","2","Yes","Shooter","Not Rated","No overview is currently available for this title, please feel free to add one."
"Astro Blaster","","Region Not Set","","AtariAge","Robert DeCrescenzo","2014-01-01","1","No","Shooter","E - Everyone","Astro Blaster is an Atari 7800 port of the arcade game of the same name, created by Robert DeCrescenzo, who has many excellent arcade conversions under his belt.

In Astro Blaster, one or two players must advance through squadrons of alien ships in an attempt to dock with the mother ship. Players move their ship left or right and shoot at attacking squadrons. A special warp button allows the player to slow down the alien space ships and their laser fire, while maintaining his/her own ship and laser fire at normal speed.

As players enter each new sector they encounter a different number of alien squadrons. Players must destroy all ships in each squadron to pass through the sector. One squadron of rockets is extremely difficult to destroy, but players can pass through this squadron by hitting a few enemy ships. Once a player has destroyed all the squadrons in that sector, he/she enters an asteroid belt. The player must maneuver and shoot his way through the asteroids to reach the mother ship. If fuel is critically low when the player enters the asteroids belt, he/she can receive extra fuel by shooting the red fireballs interspersed among the asteroids. After passing through the asteroid belt, the player's ship docks with the mother ship and refuels."
"Astro Fighter","","Region Not Set","","AtariAge","Robert DeCrescenzo","2016-01-01","2","No","Shooter","E - Everyone","Astro Fighter is a two-dimensional, space shoot 'em up arcade game released in 1980. It was developed and published by Data East in Japan and was published outside of Japan by Gremlin/Sega. Programmer Robert DeCrescenzo has now brought Astro Fighter to life on the Atari 7800!

Astro Fighter is a one or two player game of space adventure. Two players may take turns, competing for the high score. The player's warship faces meteor showers interspersed with four lines of enemy defense forces in an effort to reach the 'Master' and destroy it. Besides the challenges of fighting ability, the player's warship has an expendable supply of fuel that must last through the fight with the 'Master'."
"b*nQ","","Region Not Set","","AtariAge","Ken Siders","2007-01-01","2","No","Action","Not Rated","No overview is currently available for this title, please feel free to add one."
"Baby Pac-Man","","Region Not Set","","AtariAge","Bob DeCrescenzo","2020-01-01","2","No","Action","Not Rated","No overview is currently available for this title, please feel free to add one."
"Ballblazer","","NTSC","","Atari, Inc.","LucasArts Entertainment Company LLC","1988-09-07","2","No","Action | Sports","Not Rated","Ballblazer is a simple one-on-one sports-style game bearing similarities to basketball and soccer. Each side is represented by a craft called a ""rotofoil"", which can be controlled by either a human player or a computer-controlled ""droid"" with ten levels of difficulty. (The game allows for human vs. human, human vs. droid, and droid vs. droid matches.) The basic objective of the game is to score points by either firing or carrying a floating ball into the opponent's goal. The game takes place on a flat, checkerboard playfield, and each player's half of the screen is presented in a first-person perspective."
"Barnyard Blaster","","Region Not Set","","Atari, Inc.","Atari","1988-06-05","2","No","Action","","You and Grandpa are down on the farm. There are critters, bottles, and varmints everywhere -- in the barn, in the yard, and in the cornfield. Grandpa has given you an Atari light gun to help protect the farm. The moving targets are a challenge. Can you hit them? If not, try the veggies! They're fun to shoot at.

In the barnyard, bottles and cans on the fence provide great practive for warming up the old shootin' iron. But perfect aim alone isn't enough. You'll need speed, too.
In the cornfield, birds swoop from the sky and rabbits scamper among the stalks, Owls and other pests appear inside a barn. Each scene can only be reached by hitting enough targest in the scene before. Once you zero in on some fancy shooting scores, Gramps offers you a bonus round by tossing target bottles in the air."
"Basketbrawl","","Region Not Set","","Atari, Inc.","Atari","1990-06-03","2","No","Sports","","Vinne and Slash are bleeding from knife wounds and the ref is out cold! No wonder the gang members nicknamed this game ""Basketbrawl."" To them, it's not a game -- it's a street fight. This premise kicks off Atari's action sports game for up to two players. The objective in Basketbrawl is to become the baddest gang in the town by winning the Basketbrawl tournament. To win, you must play three games against each of the five gangs in your city. Each time you move up to the next gang, you will play a team with more players and more dangerous weapons. Each game lasts six minutes -- out score you opponent by shooting more baskets. Each basket is worth two points. If the game is tied after six minutes, the first team to score wins"
"Beef Drop 7800","","Region Not Set","","Ken Siders","Ken Siders","2006-01-01","2","No","Action","E - Everyone","Beef Drop is a port of the popular arcade game Burgertime, which Ken Siders first ported to the Atari 5200 and 8-bit computers. This version of Beef Drop beature POKEY sound support, for much better audio than the 7800 can produce without this chip. The 7800 version also features better graphics than the 5200/8-bit version, making the 7800 version the definitive release of Beef Drop."
"Bentley Bear's Crystal Quest","","Region Not Set","","AtariAge","Pac-ManPlus","2017-07-01","1","No","Platform","Not Rated","BERTHILDA'S BACK!

Bentley Bear defeated Berthilda within her Crystal Castle realm, but she vowed to get her revenge on Bentley. After nearly 30 years of planning and scheming, Berthilda was able to steal the five 'Crystals Of Life' that kept the balance of good and evil in check. Now it is up to Bentley to retrieve those jewels and restore the balance of power to the world.

Berthilda has hidden all five Crystals in separate parts of the world and guards them fiercely. As Bentley, you will run into many of your old foes from the Castle days... as well as some new ones. Navigate unforgiving terrain from at least five different environments in your relentless Quest to find the Crystals and defeat Berthilda once and for all."
"Bentley Bear's Crystal Quest [2024 Reissue]","","NTSC","United States of America","AtariAge","Bob DeCrescenzo","2024-11-29","1","No","Adventure | Platform","E - Everyone","Bentley Bear’s nemesis, Berthilda the Witch, has exacted her revenge and stolen the Five Crystals of Life, plunging the world into chaos! You need to brave the various realms in order to recover each of the crystals and complete your Quest! Along the way, you’ll meet enemies new and old in this brand-new game.

In this sequel to Crystal Castles, you’ll find power-ups, hidden paths, a challenging variety of enemies…and one adorable bear. Everything a platforming fan could possibly want.


- Fast-moving 2D platformer

- Hidden world with 8 more levels

- Amazing soundtrack and SFX that utilize the power of the 7800

- Thumbstick-button combos tailored to the 7800 gamepad controller

- Original packaging artwork by artist Glen Brogan

- Programmed by Robert DeCrescenzo, a talented member of Atari’s homebrew community

- Compatible with Atari 7800+, 7800, and 2600+ consoles"
"Centipede","","Region Not Set","","Atari, Inc.","Atari","1987-06-01","2","No","Shooter","","A good port of the coin-op classic. The 7800 version also features competitive and cooperative 2-player modes."
"Centipede Trak-Ball","","Region Not Set","","AtariAge","Ken Siders","2016-07-01","2","No","Shooter","E - Everyone","Homebrew author Ken Siders (b*nQ, Beef Drop) has modified Centipede for the Atari 7800 to support the Atari CX-22 Trak-Ball controller. The original arcade game sports a trak-ball controller, and now you can enjoy Centipede on your Atari 7800 as the original designers intended!

In addition to supporting the CX-22 Trak-Ball, Centipede Trak-Ball will also work with many CX-80 Trak-Ball controllers as many of them operate internally as a CX-22. Two players can share one Trak-Ball for two-player games."
"Choplifter","","Region Not Set","","Atari, Inc.","Dan Gorlin","1987-07-01","1","No","Action","","In Choplifter, the player assumes the role of a combat helicopter pilot. The player attempts to save hostages being held in prisoner of war camps in territory ruled by the evil Bungeling Empire. The player must collect the hostages and transport them safely to the nearby friendly base, all the while fighting off hostile tanks and other enemy combatants."
"Combat 1990","","NTSC","United States of America","","","2005-01-01","2","No","Action","Not Rated","Combat 1990 plays homage to the classic Combat that was packed with millions of 2600 systems. Unlike the original Combat, this version offers both single and two player games (although the two player game is cooperative, as opposed to head-to-head). Each player starts with five tanks, and your goal is to destroy as many enemy tanks and saucers as possible. In addition to firing projectiles, your tank features a shield that will protect it from incoming attacks, although firing will disable the shield. You can drive over energy pods that will replenish your shield to 100% strength.

The game ends when you run out of tanks or five minutes has elapsed. At that time you'll receive bonus points for any remaining tanks and shield energy."
"Commando","","Region Not Set","","Atari, Inc.","Data East Corporation","1985-09-19","2","No","Shooter","","Experience the Ultimate in Combat Action...

As the crack shot COMMANDO, you have been given the ultimate. mission. You alone must battle overwhelming odds to defend the free world from being taken over by advancing rebel forces.

To make matters worse, much of the Allies heavy artillery has already been destroyed.You must carry out your solo or crusade through hostile territory armed with only a rifle, hand grenades, and raw courage.

The odds for success seem hopelessly slim as enemy fire flies toward you from all directions and hidden rebel forces appear from caves, trenches, and strongholds to bar your progress. But the Allies are depending on your famous ingenuity, accuracy, and speed to help you break through the enemy lines. You must reach the fortress while collecting supplies from defeated outposts along the way.

There can be no retreat - the fate of the free world is in your hands!"
"Crack'ed","","Region Not Set","","Atari, Inc.","Robert Neve","1988-01-01","1","No","Shooter","","As a professional ornithologist, you're thrilled to find out that some rare South American hornbills have nested in your ""old yolk tree."" But while the hornbills are out feeding, a group of mischievous bluebirds, owls, and snakes begin raiding their nests and stealing eggs.

Horrified, you get out your slingshot and begin hitting the marauding creatures. But you have to be careful. If you hit an egg-carrying bird, it drops the egg and you have to act fast to catch it before it hits the ground and return it to a nest. At the same time, you have to watch for snakes that may be sneaking up to nests and gobbling eggs. If you can protect the eggs long enough, you can take them to another nesting site. But watch out, egg-stealing creatures are everywhere!"
"Crazy Brix","","Region Not Set","","AtariAge","Bob DeCrescenzo","2011-01-01","2","No","Action","Not Rated","No overview is currently available for this title, please feel free to add one."
"Crossbow","","Region Not Set","","Atari, Inc.","Exidy, Inc.","1988-01-01","2","No","Shooter","","Over scorching deserts, through dark icy caverns, around a fiery volcano, and under the leafy cover of a steamy jungle, you set out with three brave friends to retrieve the treasures stolen by the Evil Master.  Your goal is his castle far, far, away.

Your friends are lightly armed, but you carry your trusty crossbow.  By shooting its swift arrows, you can save yourself and your companions from the dangerous attacks of the Evil Master's creatures -- scorpions, ants, pterodactyls, voracious plants, bats, snakes, and other horrible beings.

When you reach the castle, the Evil Master's expert archers await you, ready to test their aim with deadly arrows.  Inside the castle, a fierce dragon also waits, guarding the treasure with its fiery breath.

Few adventurers have dared to make the trek.  No one yet has come back alive."
"Dark Chambers","","Region Not Set","","Atari, Inc.","John Palevich","1988-01-01","2","No","Action","","You're on a dangerous treasure hunt, deep in the underground world of Dark Chambers. Wraiths, wizards, and moldering skeletons surround you. As you move through this meandering maze, you are stalked by the grim reaper.

The exits you see only take you deeper into the maze. If you find the strategically placed weapons, you can fend off your enemies while you search for the hidden treasure. The secret potions you find along the way will renew your strength. But watch out for hidden traps and deadly poisons.

Your strength will help you outlast the weaker ghouls, but are you a match for the strongest? Enter the underground world of Dark Chambers and find out."
"Desert Falcon","","Region Not Set","","Atari, Inc.","Atari","1987-01-01","1","No","Action","","You are the royal Desert Falcon questing for precious gems and Egyptian heiroglyphs hidden in the endless desert. Invincibility, warp speed, and quick shots are only some of the many magical powers you'll gain on your search. Use them to capture a trove of treasures. But watch out for the evil ones! Mythical flying beasts, blazing firepots, and howling sphinxes guard the jewels you seek."
"DigDug","Digu Dagu | ディグダグ","NTSC-U","","Atari, Inc.","Namco","1987-01-01","2","No","Adventure | Puzzle","Not Rated","The objective of Dig Dug is to eliminate underground-dwelling monsters by inflating them with an air pump until they explode, or by dropping rocks on them. There are two kinds of enemies in the game: ""Pookas"" (a race of round red monsters, said to be modeled after tomatoes, that wear yellow goggles) and ""Fygars"" (a race of green dragons that can breathe fire while their wings flash)."
"Donkey Kong","","Region Not Set","","Atari, Inc.","Atari","1988-01-01","2","No","Platform","","Monkey Business on the Monkey Bars

You are Mario, the fearless carpenter, and that big gorilla, Donkey Kong has run off with your girlfriend. It’s up to you to struggle up those ladders and balance on those beams to rescue your lady fair. She’s held captive at the very top. But Donkey Kong is not ready to give her up so easily. He’s tossing barrels and fireballs at you at every turn. It’s up to you to outmaneuver that wily ape. Good luck, your lady awaits!"
"Donkey Kong Junior","","Region Not Set","","Atari, Inc.","Atari","1988-01-01","2","No","Platform","","Donkey Kong the ape is back. Only this time the vengeful Mario is holding the ape prisoner. Luckily the ape has a son, Donkey Kong Junior, who will try to rescue Papa.

To free his dad, Junior must make his way through a dark and treacherous jungle. Racing against time, the little fellow climbs and swings across vines, while avoiding the terrible Snapjaws.

If he reaches the keys to Papa's cage, Junior must push them to the top of chains while staying clear of Snapjaws and a new flock of nasty Nitpickers. But even then his mission isn't over. Once he reaches Mario's hideout, he must pass yet another test against time.

The kid needs help. Don't just stand there! Help poor Junior save his father!"
"Double Dragon","","Region Not Set","","Activision","Activision","1989-01-01","2","Yes","Platform","","Twin brothers Billy and Jimmy Lee learned to fight the hard way -- for survival in the unforgiving city streets. Their brand of combat -- classic martial arts maneuvers mixed with anything-goes street brawling -- has turned them into walking lethal weapons.

Now, the Lees must summon all their fighting abilities and cunning into meeting the greatest challenge of their lives -- rescuing Billy's girlfriend, Marion.  She's been kidnapped by the Black Warriors, the savage street gang led by the mysterious Shadow Boss.

The twins pursue the Black Warriors through the city streets and its outskirts.  Finally they fight their way into the Secret Enemy Base.  There, Billy and Jimmy meet the Shadow Boss.  It's a battle to the finish, with Marion as the prize!"
"Dragon's Cache","","Other","","AtariAge | 																HomeBrew Software","","2020-01-03","2","No","Puzzle | Family | Unofficial","Not Rated","No overview is currently available for this title, please feel free to add one."
"Dungeon Stalker","","Region Not Set","","AtariAge","AtariAge","2015-09-04","1","No","Adventure","E - Everyone","Everyone knows The Dungeon, the last subterranean vestige of a long collapsed and long forgotten castle. The children of your village have always loved to scare each other with songs of skeletal warriors, a thousand years dead, that stalk its silent corridors. As children become adults and traditions grow, it has become the custom for boys on the verge of manhood to prove their worth, venturing into the darkness to retrieve some small trinket. Usually it's just a few old coins picked up near the entrance, along with a hastily concocted story of bravery and derring-do.

As your seventeenth birthday approached, it was clear that it was never going to be a straightforward cash grab for you. As eldest daughter of the chieftain, you always had a lot more to prove; always the best shot, the best sword, the fastest rider and the bravest warrior. That's why you're down here; shivering, terried and pointing a loaded arrow at anything that moves. And things are moving in the darkness. At first it was just the bats, but as you venture deeper, the unmistakable sound of footsteps echoes in the gloom - bone footsteps. The children's songs were right - the dead do stalk these halls!

Welcome to Dungeon Stalker. Get ready for an exciting arcade-style adventure; fighting monsters and collecting treasure as you journey ever deeper into the Dungeon!"
"E.X.O.","","NTSC","United States of America","AtariAge","","2023-07-01","1","No","Action | Adventure | Puzzle | Shooter","E - Everyone","Set in the near future, your E.X.O. (Elite Xeno Operations) team have been betrayed and scattered across the galaxy. Operating from a hidden base, you are their only hope for rescue. Take on the role of Zoe Ryen, Command Pilot in the top-secret Elite Xeno Operations, strap into your Wasp Tactical Extraction Mark 5 and infiltrate, shoot, battle and puzzle your way through five uniquely themed worlds, rescue your team and save Earth."
"F-18 Hornet","","Region Not Set","","Absolute Entertainment","John Van Ryzin","1988-01-01","1","No","Flight Simulator","","Attention all Naval Aviators! Report to your squadron leaders and prepare for deployment. Your tour of duty will take you around the world on some of the most challenging and dangerous missions of your career. F-18 Hornet is a carrier based adventure. Fast, solid 3-D graphics and responsive instrumentation make for an incredible sensation of flight. Fly missions through a variety of terrain executing aerial combat, emergency supply drops, strafing and bombing runs while battling hostile jets, helicopters and tanks. F-18 Hornet features all of the action of carrier based jets including thrilling aircraft carrier take-offs and landings in smooth 3-D animation."
"Fatal Run","","Region Not Set","","Atari, Inc.","Atari","1990-01-01","1","No","Action","","The year is 2089. A collision with a comet has left the earth reeling from radiation poisoning. There's little hope for humanity's survival. It's up to you to help the few people remaining.

You must leave the protective fortress Albagon and deliver the newly developed radiation vaccine to the few survivors. Your journey will not be an easy one. Nefarious henchmen are waiting to knock you off and steal the vaccine to ensure that they will survive to rule the planet. Every driver on the road is out to get you. Your only hope is to get them first.

You must find the rocket poised to launch a satellite that can nullify the effects of this cosmic accident that turned the world upside down. If you're sharp enough to learn and remember the secret code words and tough enough to live to use them, you can launch the rocket and save the world!

Good luck! Humanity is in your hands."
"Fight Night","","Region Not Set","","Atari, Inc.","Accolade","1988-01-01","2","No","Sports","","Strap on your boxing gloves, and step into the ring.  Tonight you're going to test your prowess against the world's toughest fighters.  To prepare  for this event, you'll train in punching skills, footwork, timing, and sparring.  Then you'll enter your fighters in championship matches and tournaments.

As the tension mounts in the smoke-filled arena, you eye your contender warily.  Be careful, and good luck.  This could be your big night!"
"Flappy Bird","","NTSC-U","United States of America","AtariAge","AtariAge","2014-12-21","1","No","Flight Simulator | Unofficial","Not Rated","Flappy Bird Atari 7800 Version by Matthias Luedtke"
"Food Fight","","Region Not Set","","Atari, Inc.","Atari","1987-01-01","2","No","Action | Shooter","","Hurry! Hurry! Step Right Up! Earn Your Just Desserts!

Once there was a fellow named Charley Chuck. More than anything, Charley loved to eat. So when he went to the carnival one hot summer day, he headed straight for the Food Fight contest."
"Frenzy","","Region Not Set","","AtariAge","Robert DeCrescenzo","2016-01-01","2","No","Shooter","E - Everyone","Trapped in a bizarre, alien high-tech structure and surrounded by robots, your Humanoid moves from cell to cell as you face a band of deadly mechanical monsters. Odd marching skeletons clunk toward you. Robotic tanks trundle into position. Face your enemy and fire, or be doomed by their fatal touch! Eliminate all automatons and proceed to the next assembly.

Stay alert! Your enemies now fire deadly blasts. In Berzerk, all walls absorb shots from you or the robots. In Frenzy, some cell walls ricochet the blasts--both yours and the robots--so watch where you fire! Worst of all is Evil Otto, the bouncing menace who passes through walls and destroys any creature on contact. It's a bizarre battle for survival as Evil Otto bounces toward you! Will you make it?

Atari 7800 veteran Bob Decrescenzo brings arcade classics Frenzy and Berzerk home to the 7800, complete with all the details you'll find in the arcade games. Both games are reproduced with careful attention to detail to match their arcade counterparts as closely as possible. The original speech from the arcade that helped make both games so memorable is also included!

For a new challenge, there are two-player cooperative and competitive gameplay modes. In cooperative modes, both players try to achieve a single high score and share six lives. In two-player competitive mode, each player has their own set of scores and lives. In competitive mode, you even get points for shooting your opponent!"
"Froggie","","Region Not Set","","AtariAge","AtariAge","2016-01-01","1","No","Stealth","E - Everyone","Froggie actually is the arcade game Frogger. The game originally got started in May of 2005 The game was almost completed in early January 2007, when things happened in the author's life outside of the internet."
"Galaga","","Region Not Set","","Atari, Inc.","Namco","1987-01-01","2","No","Shooter","","The gameplay of Galaga puts the player in control of a space ship which is situated on the bottom of the screen. At the beginning of each stage, the area is empty, but over time, enemy aliens fly in formation, and once all of the enemies arrive on screen, they will come down at the player's ship in formations of one or more and may either shoot it or collide with it. During the entire stage, the player may fire upon the enemies, and once all enemies are vanquished, the player moves onto the next stage."
"Galaxian","","NTSC","United States of America","AtariAge","Bob DeCrescenzo","1970-01-01","2","No","Action","E - Everyone","No overview is currently available for this title, please feel free to add one."
"Gato","","Region Not Set","","Atari, Inc.","Atari","1987-05-07","1","No","Action","","GATO is a submarine simulator originally released for several personal computers, such as the Apple II, Atari 8-bit, and Commodore 64. Atari had plans to port GATO to the Atari 7800 and even put together a simple demo, but it doesn't appear the game ever got beyond that stage."
"Hangly-Man","","Region Not Set","","","","2005-05-31","1","No","Action","Not Rated","Hangly-Man, also known as Scandel or Puck-Man, is a maze arcade game developed by Nittoh and released in 1981. It is a hack of Pac-Man that changes the overall layout of the maze. The game's title is likely a mistranslation of ""Hungry Man"" from Japanese.
Contents"
"Harpy's Curse","","NTSC","","AtariAge","","2023-01-01","1","No","Action | Adventure","Not Rated","You are a harpy - swift of wing and vicious in nature. Banished to a deadly labyrinth, you are tasked with defeating the four keepers of the maze - only then can you face the Great Sphinx who exiled you here.

The labyrinth contains legendary artifacts - feathers of legendary birds and beasts that might aid you. Great power might be found here, but you truly wish for escape, and the only way out is through machinations of the Sphinx."
"Hat Trick","","Region Not Set","","Atari, Inc.","Bally Sente","1987-01-01","2","No","Sports","","What a night for a hockey game! After weeks of intensive training on the ice, you're finally at the face-off, waiting for the starting whistle. As the puck slides across the smooth, icy surface, you take it at center ice, managing to break over the blue line to your opponent's right. Whoooossh. What reflexes! What speed!

The spray of the ice on your face momentarily blinds you, but you continue to skate furiously, weaving towards the opposing goal. You can feel your challenger's hot breath on the back of your neck, as the distance between you grows smaller and smaller. But before he can manage to steal the puck, you swing your stick and whack -- it's a slapshot! The point is yours!

Get three goals in a game, and it's a hat trick!"
"Ikari Warriors","","Region Not Set","","Atari, Inc.","Atari","1990-01-01","2","Yes","Platform","","You are a member of those elite combat specialists, the Ikari Warriors.  Your buddy and you are on a special mission behind enemy lines, and you've been sleeping, eating, and breathing jungle combat for the last two weeks.  You're tired, but that never affects your razor-sharp judgment and your will to survive.  

Your main weapons are machine guns, grenades, and your own cunning in the face of danger.  Sometimes you'll have a tank at your disposal, which comes in handy when enemy fire is particularly brutal.  

You move swiftly through the jungle, wading through rivers and resting from time to time within the ruins of bombed-out buildings.  You're running out of ammunition and grenades, but you know the battle can't last forever.  Sooner or later, one side is going to emerge victorious.  Let's just hope it's yours!"
"Impossible Mission","","Region Not Set","","Atari, Inc.","Epyx","1986-01-01","1","No","Action | Platform","","Message from the Agency computer..... ""....Your mission. Agent 4125 is to foil a horrible plot. From an underground laboratory, Elvin. the scientist, is holding the world hostage under threat of nuclear annihilation. You must penetrate his stronghold, avoid his human-seeking robots and find pieces of the security code.
Somersault over the robots or use a precious snooze code to deactivate them long enough to search each room. Use the Agency's computer to unscramble the passwords from the code pieces, or try solve them yourself. You'd better beware....This mission is stamped IMPOSSIBLE!"""
"Jinks","","Region Not Set","","Atari, Inc.","Softgold","1989-01-01","1","No","Action","","You are about to embark on one of the most dangerous missions of your career. As a renowned Star Fleet pilot, you have been selected to command an exploration party in a journey across the galaxy to investigate the mysterious planet JINKS. An enigma for centuries, JINKS is a lush, resource-rich world, and could be the key to the desperate need for human expansion in space. It is apparently capable of supporting life, yet it is curiously uninhabited--or is it?
 A routine research mission goes haywire when scouting your probe across the planet's surface leads you and your crew into a deadly game of cat and mouse. Can you escape from these fiendishly clever traps before your probe and its occupants are miniaturized or annihilated?"
"Joust","","Region Not Set","","Atari, Inc.","Williams","1987-01-01","2","No","Platform","","Joust is a platforming game where the player controls a yellow knight riding a flying ostrich from a third-person perspective. The player navigates the protagonist around the game world, which consists of rock platforms floating above a flat island surrounded by lava."
"Jr. Pac-Man","","Region Not Set","","AtariAge","Pac-ManPlus","2009-01-01","2","No","Action","E - Everyone","""Jr. Pac-Man is another classic arcade game faithfully brought to life on the Atari 7800 by programming wizard Bob DeCrescenzo. Jr. Pac-Man follows the popular Pac-Man and Ms. Pac-Man arcade hits, bringing new features such as a large, side-scrolling maze and bonus items that not only move about the maze but also destroy power pills they come into contact with! Bob DeCrescenzo's 7800 rendition of the game is even complete with the intermissions from the arcade.""

""This fast-paced, frenetic Pac-Man experience is not to be missed!"""
"K.C. Munchkin","","Region Not Set","","AtariAge","Robert DeCrescenzo","2014-03-01","1","No","Action","","K.C. Munchkin is an Atari 7800 port of one of the better known games on the Odyssey 2 console. K.C. Munchkin is a maze game similar to Pac-Man, in which you must navigate your Munchkin through a maze to eat all twelve Munchies, all while evading the Munchers. If you eat the special Munchie (which flashes different colors), the Munchers turn purple, allowing you to eat them.

K.C. Munchkin was released for the Odyssey 2 a year before Atari was able to release Pac-Man for the 2600. However, Atari had the exclusive home console rights to Pac-Man and sued Philips to force them to cease production of K.C. Munchkin. Although Atari wasn't initially succesful, they did ultimately win on appeal, and Philips was forced to halt sales of the game."
"Karateka","","Region Not Set","","","Jordan Mechner","1984-07-01","1","No","Fighting","","Returning home after years of study under a Master of Karate, you find your village burned to the ground. Your friends and family are scattered, your bride-to-be stolen by Akuma, the warlord whose oppressive shadow has darkened your village since before you were born.

Your grief and rage turn to cold determination. You vow never again to submit to the evil warlord. You know you must avenge your village and rescue your beloved Princess Mariko from Akuma’s mountain fortress.

Alone, armed only with your knowledge of Karate, you must outfight Akuma’s vicious warriors, each one more powerful than the last. Fight on, deep into the heart of the palace, where to rescue Mariko you must confront the cruel Akuma himself in hand-to-hand combat.

Put fear and self-concern behind you. Focus your will on your objective, accepting death as a possibility, and do what you have chosen to do. This is the Way of the Karateka."
"Klax","","Region Not Set","","AtariAge","David Dentt | 																Mark Stephen Pierce","2002-01-01","1","No","","","Klax was one of those titles finished by Atari for the 7800, but never commercially released. Lee Krueger of ResQsoft Productions is selling copies of Klax, complete with a box, manual, and supplement which includes an exclusive interview the programmer, tips and tricks about Klax and his other Atari creations."
"Kung Fu Master","","Region Not Set","","Absolute Entertainment","Data East Corporation | 																Irem Corp.","1989-06-01","2","No","Action","","The gorgeous Princess Victoria is imprisoned in the Evil Wizard's Temple.  As Kung-Fu Master, you must free her.  Unfortunately, the Temple's five tortuous levels are seething with menacing foes. 

Smash your way through one level and start the next with a renewed energy meter and timer. Once you free your Princess, it's back to the beginning where your foes return faster and nastier."
"Mario Bros.","Mario Bros","Region Not Set","","Atari, Inc.","Atari","1988-07-07","2","Yes","Platform","","Mario the carpenter and his brother Luigi are at it again! This time they must rid their house of crawling pests!

These bizarre creatures have names like Shellcreeper, Sidestepper, and Fighterfly. Test your skills as you bump these pesky bugs off brick floors into the water below. But beware of Slipice the Iceman. You must stop him before he covers the floors with a treacherous layer of slippery ice!

Collect as many coins as you can."
"Mat Mania Challenge","","Region Not Set","","Atari, Inc.","Atari","1990-01-01","2","Yes","Sports","","Wouldn't you know it, you drew Bruno the Sledge, five time champion and all-around bad guy, as your first opponent in your quest for that elusive Atari Wrestling Federation championship belt. Ever since he lost his title to Eric the Flaxen Saxon, Bruno's been terrorizing the AWF circuit.

Bruno the Sledge glares at you with his one remaining eye. When the bell rings, he charges like a man insane. Just before the impact of his 386-pound body, you step aside and raise your elbow.

Perfect elbow smash! Bruno falls to the mat. You get him in a head lock, but his shaved head slips free. Then you see it. The famous Bruno the Sledge ""Eye of Terror,"" the look of death. You're in trouble now!

Mat Mania Challenge provides all the thrills and spills of professional wrestling. Do you have what it takes to survive brain busters and pile drivers? If you have the skills, the championship belt will be yours!"
"Mean 18 Ultimate Golf","","Region Not Set","","Atari, Inc.","Accolade","1989-01-01","2","No","Sports","","This is it! A hush falls over the California countryside as you stand on the eighteenth hole of Pebble Beach. You’re five long feet from the hole and you have a one-stroke lead in the biggest tournament of your life. Your caddy hands you your lucky putter. You line up your shot, and swing. The ball rolls slowly toward the hole. There’s a tense moment as it almost rings the cup. finally, the ball falls in. You retain your title!"
"Meltdown","","Region Not Set","","Atari, Inc.","Atari","1990-01-01","1","No","Action","","Don’t panic! A gang of international terrorists has systematically set about destroying the world. They have sabotaged a number of nuclear reactors by unleashing a deadly string of ‘sparkx’ that will break down the protective control rods and make their way into the very core of each reactor. If the sparkx reach the core, the end result will be a dreaded meltdown. It the terrorists are successful in their hideous plot, we can kiss this world goodbye!

Only you stand between life as we know it and total annihilation. You are armed with a specially engineered sparkx-destroying gun, a blueprint of each reactor, your wits, and your desire to save the world. Get moving. There’s no time to lose!"
"Meteor Shower","","Other","","AtariAge | 																HomeBrew Software","Bob DeCrescenzo","2011-01-01","2","No","Action | Shooter | Unofficial","Not Rated","Meteors are falling to Earth! Defend Earth's surface by blasting away at the falling rocks... But beware! Alien forces have learned what was happening and are taking advantage of our vulnerability to attack us!

These are your targets:

Rocks: A small rock gives you twice as many points as a big one. And small rocks that land unhit cost you twice as many points. When big rocks are hit they usually split in two.
Spinners: If a spinner lands, it costs you one laser base. Spinners make audible alarm signals.
Dive Bombers: These guided missiles try to home in on your base, and change course as they fall. Dive Bombers make a beeping sound as they attack. They are worth 8 big rocks when hit.
Saucers: When your score is over 20,000, Saucers occasionally fly past, dropping bombs on your active base location. You get no points for hit-ting the bombs, but each Saucer hit is worth 10 large rocks. Saucers make a distinctive sound as they fly across. Experienced players will find that at a certain score range, a second Saucer will appear as well.
Skill Levels

Each Skill Level starts the player at different points in the game (including the player's score):

Easy: You start at the very beginning, rocks and ene-mies fall slowly, and there are no Saucers..
Normal: You start at the 5,000 point mark where the rocks and enemies fall faster, are worth more points. There are still no Saucers.
Hard: You start at the 50,000 point mark where the rocks and enemies fall the fastest to start, and are worth even more points. The Saucer is active at this Skill Level."
"Midnight Mutants","","Region Not Set","","Atari, Inc.","Radioactive Software","1990-10-10","1","No","Action","","Can you save Grampa from Plasmic Prison

7800 Arcade adventure like you've never seen before. This game has it all places like rivers, deep dark forests, creepy caverns, labs, creatures like Vampires, Mutant zombies and menacing bats. Your adventure includes exploring large areas and finding awesome weapons. A press of a button brings instant on-screen hints and tips.

It all adds up to awesome action with mega Graphics. Grampa’s back, it’s up to you to wipe out the Monsters and clean up."
"Missing In Action","","Region Not Set","","TNT Games","Sculptured Software","1989-05-27","1","No","Action | Shooter","","Having been shown several years ago at classic gaming events, the Atari 7800 prototype Missing in Action has finally seen the light of day! AtariAge user Mitch recently acquired the only known prototype of this game to exist and has graciously shared the binary with the community so everyone may enjoy it. Missing in Action is based on the 1984 movie of the same name, featuring Chuck Norris as the protagonist. The game is a side-scrolling beat 'em up, taking place in Vietnam during the height of the Vietnam War. As Colonel James Braddock, a captured POW, your mission is to escape from an internment camp, rescue captured POWs, free the American embassy, and kill the evil drug czar. Had it been completed, Missing in Action would have been an impressive addition to the 7800 library. As it stands, this prototype is about 85% complete and is quite playable."
"Moon Cresta","","Region Not Set","","Robert DeCrescenzo","Robert DeCrescenzo","2011-07-26","1","No","Shooter","E - Everyone","Atari 7800 Home Brew Port.

Moon Cresta is a 1980 Arcade game developed by Nichibutsu. It is a single player (or two player, alternating) space shooter and was unique at the time for it’s multi-level concept. Instead of the usual format, in Moon Cresta you get a three part ship. For a 1980 arcade game, the variety and movements of the aliens are amazing. To start the game, you get the first part of your ship. If the aliens destroy part of your ship, then you get the next part. If you successfully destroy four alien waves, you must dock with the remaining portions of your ship. The quicker that you are able to dock , the more bonus points you will receive. When docked, your ship is larger and easier for the aliens to hit. Also, when firing, the cannons will alternate firing from different parts of your ship. Since the cannons are spaced differently, this has an impact on your aim. When all three parts of your ship have been destroyed, the game is over. At 60,000 points, you earn a bonus play."
"Motor Psycho","","Region Not Set","","Atari, Inc.","Atari","1990-01-01","1","No","Racing","","You finished it at last!  And now you are going crazy waiting to test your sleek, hot, fast customized bike.  It absorbs your every waking moment, you dream about it every night.  It has become an obsession.  And you know just the place to try it out.

The annual MotorPsycho Competition (for deranged, psychopathic, and other unusual biker types) is this weekend!  Its obstacle-laden course is legendary among motorcycle maniacs.  Of course, nobody in their right mind would attempt this course.  The die-hard spectators remind you that fan is short for fanatic. They've staked out their favorite spots to view the races, and they are waiting for the roar of revving engines, the squeal of tires, the crunch of metal...

It's you against the clock and your bike is built for speed.  All you need to do is point it in the right direction and go for it!

Four different tracks will separate the veterans from the rookies.  (Or the schizophrenics from the psychotics.)  Weekend amateurs will eat your dust, but you've got some pretty insane competition from your fellow, uh, pros.  Some of these guys look hungry for the sweet taste of victory, but some of them look hungry for the taste of raw meat!

So rev 'er up and let 'er rip!  The winner's circle (or the guy with the clean white coat) awaits."
"Ms. Pac-Man","Ms. Pac Man | Ms Pacman | Ms PacMan | Ms. PacMan | Miss Pacman | MS PAC MAN","Region Not Set","","Atari, Inc.","Namco","1987-07-07","2","No","Platform","","Dots. Energy pills. Fruit. Pretzels. They're all part of Ms. Pac-Man's fast-gobbling diet.
She'll even gobble ghosts. But only when they're blue. Otherwise the ghosts will get her. And you!"
"Ninja Golf","","Region Not Set","","Atari, Inc.","Atari","1989-01-01","1","No","Action | Sports","","For ten years you've trained to be a Ninja. And now your Master tells you that it's time to take the final, most difficult test and become a Master Ninja. You must complete the game of death. You must play nine holes of... Ninja Golf?

You knew your Master was a bit weird, but nothing prepared you for this! You must attempt to sneak in a birdie between karate kicks while you battle Ninja opponents. Par for this course means leaving the green littered with fallen foes.

You gain points for both your golf game and defeating attacking Ninja. You can also earn points for finding treasures and other bonus items along the course.

Once you've completed all nine holes successfully, be ready to challenge the disguised Master Ninja. This final battle will determine whether or not you become a Master Ninja. And if you win, it will improve your golf score."
"One-on-One Basketball","","Region Not Set","","Electronic Arts","Atari","1987-01-01","2","Yes","Sports","","You're out on a dream court for a hot game of One-on-One. You're the Bird. Or you're Dr. J. And that's the last decision you'll have much time to make. You can play against the computer of challenge a friend. Your capabilities -- and your opponent's -- will be just like those of All-Stars Larry Bird and Julius (Dr. J) Erving. The computer knows their shooting percentages (guarded and unguarded) and their pet shots. Your scoring ability will depend on your timing, how effectively you're being guarded, and where you're shooting from. Like the game of basketball itself, One-on-One rewards you for playing with your head as well as your hands. Master the joystick moves, sharpen your timing, hone your reflexes until you can handle the Pro level... and don't let the other guy out-think you."
"Pac-Man 320","","Region Not Set","","AtariAge","Bob DeCrescenzo","2011-01-01","2","No","Action","Not Rated","No overview is currently available for this title, please feel free to add one."
"Pac-Man Collection","","Region Not Set","","Bob DeCrescenzo","Bob DeCrescenzo","2006-01-01","2","No","Action","E - Everyone","Pac Man Collection is a round-up of the various official (and some not so official) releases of one of the most popular games in history. Now we can finally fill a void that was missing from the 7800 library for two decades. Within this game cartridge you will find:

Pac-Man (The Original!)
Puck Man (Same game, more difficult maze)
Hangly Man (Empty Mazes? Vertical Tunnels? Invisible Mazes?)
Ultra Pac-Man (6 New Mazes for a new variety)
Random Mazes* (You just never know which maze will appear next!)
Ms. Pac-Man (The second installment of the Pac-Family)
Ms. Pac-Attack (Same game, more challenging mazes)
Ms. Random Mazes* (Like Random Mazes above, but with the Ms. flavor)"
"Pac-Man Collection (Pokey Sound)","","Region Not Set","","AtariAge","Bob DeCrescenzo","2010-01-01","2","No","Action","Not Rated","No overview is currently available for this title, please feel free to add one."
"Pac-Man Plus 320","","Region Not Set","","","","2019-01-01","2","No","Action","Not Rated","No overview is currently available for this title, please feel free to add one."
"Pete Rose Baseball","","Region Not Set","","Absolute Entertainment","Robert Curtiss","1989-05-27","2","No","Sports","","It's the last game of the World Series. You're in the 9th innings. Bases loaded. One out. And your up to bat.

What do you do? Swing away? Wait for a walk? Go for the fences? It's all up to you, just like in real pro ball.

Sure, we'll give you the options. And some tips. Like in pitching. Batting. And Fielding. But, it's you call .

There are 6 full-color, live action screens - just like the ones you see on TV! The pitching/battting screen, left infield, right infield, leftfield, centerfield and rightfield.

So, start warming up. Step up to the plate. And take your best swing at winning
the series!

Originally designed by Alex DeMeo, the 7800 version was programmed by Robert Curtiss."
"Pit-Fighter","","Region Not Set","","Atari, Inc.","Imagitec Design Inc.","1992-05-27","2","No","Fighting","","This prototype is a very early version of the game. There are issues with collision detection, and the graphics are quite simple. Although this is understood to be a port of Pitfighter, it could really be any number of fighting games based on the generic graphics."
"Planet Smashers","","Region Not Set","","Atari, Inc.","James V. Zalewski","1989-05-27","2","No","Action | Flight Simulator","","Planet Smashers finally delivered an original 2D Shooter to the Pro System late in its life. Your spaceship, which oddly looks like an airplane, has the grave task of defending Earth from an alien armada. Planet Smashers has some nice features like level warp codes, laser upgrades, cloaking devices, and interesting bosses. You even have the burden of defending Earth's shield from asteroids and alien ships. The back of the box boasts, ""awesome sound effects"", but the main laser noise is mind-numbingly irritating. After you defeat the game, you are treated to a text ending commanding you to play Alien Brigade, which makes little sense since you just defeated the alien mothership."
"Plutos","","Region Not Set","","Unreleased (Prototype)","Tynesoft Computer Software","1990-05-27","2","No","Action","","Plutos is a long lost unreleased prototype developed by Tynesoft for the Atari 7800, and appears to be a loose port of the ST/Amiga game of the same name. The existence of Plutos has been known for some time, as a physical prototype has been in hands of a collector for years, but this prototype was known to be unstable and crash frequently. The source code for Plutos was discovered in 2008 and several 7800 enthusiasts were able to get it compiled and running properly on stock 7800 hardware.

Plutos is a vertically oriented space shooter that features gameplay similar to Raiden. The game features six different levels, each with its own unique theme and boss. Only three of these levels are unique graphically--the other three are just color palette changes. Plutos offers one player as well as two player simultaneous modes, selectable with the left difficulty switch. Plutos also has features a unique weapons power-up system. There are three different types of weapons, each of which can be upgraded up to four times, as well as an invincibility power-up. The three different weapons are: Dual machine guns, spread gun, and energy gun.

A partially compiled version of Plutos was discovered by Curt Vendel, and thanks to the efforts 7800 enthusiasts Robert DeCrescenzo, Mitchell Orman, and Eckhard Stolberg, made playable on 7800 hardware. It's a shame that Plutos was not released as it was obviously very close to completion and would have been a boost to the 7800 library."
"Pole Position II","","Region Not Set","","Atari, Inc.","Namco","1987-01-01","1","No","Racing","","Are you good enough to race with the best? Do you have the nerve and skill to be a professional race car driver? You are about to find out! Behind the wheel of your sleek Formula I race car you will pit yourself against the clock and the world's top racers to win the Pole Position II, the number one starting spot.

To enter the Grand Prix itself, you'll have to race at hair-raising speeds to complete the Qualifying Lap in 73 seconds or less. Then choose from four courses, ranging from the relatively innocuous Test course to the perilous Suzuka track.

Test your racing skills as you tear around treacherous curves, maneuver your way out of dangerous skids, and veer around hazardous obstacles. Go flat out to beat the track record and you'll be the Grand Prix winner!"
"Rampage","","Region Not Set","","Activision","Bally | 																Midway","1988-01-01","2","No","Action","","Smash. Bash. Trash.

Crunch the Concrete! Snack on a Soldier! Trash a Trolley! Join arcade legends George the Ape, Ralph the Wolf and Lizzie the Lizard on a mission of mass destruction from coast to coast. Go on a RAMPAGE!"
"Rampart","","Region Not Set","","Atari, Inc.","Atari","1991-01-01","1","No","Strategy","E - Everyone","Rampart is an unreleased Atari 7800 port of the Atari arcade game of the same name. Your goal in the arcade version of the game is to build up a castle using pieces to form a wall around your territory. After your castle is built, you then place cannons and use them to fire at enemy ships or another player's castle. After each round you then have an opportunity to rebuild your castle before the next round begins.

Unfortunately, the 7800 port of Rampart that is currently available is in an early state and not complete in terms of gameplay or graphics, which is immediately obvious by the lack of a proper title screen. Rampart requires a two-button 7800 joystick. You can select difficulty and number of players, including one player, two players, team or competition modes. Gameplay consists of shooting the enemy targets, which appear as ""NME"" graphics. The left joystick button fires your normal weapon. The right fire button will destroy all enemies onscreen. If you choose a two player game (team or competition), both players can shoot at enemy targets. There are several different playfield backgrounds depending on the game type selected, or if you play additional games.

A partially compiled version of Rampart was discovered by Curt Vendel, and thanks to the efforts 7800 enthusiasts Robert DeCrescenzo, Mitchell Orman, and Eckhard Stolberg, made playable on 7800 hardware. Internal Atari memos from 1993 mention that the game is almost finalized, so a more complete version of the game must exist somewhere."
"RealSports Baseball","","Region Not Set","","Atari, Inc.","Atari","1988-01-01","2","No","Sports","","You smell the freshly cut grass as you walk out of the dark, cool tunnel into the hot afternoon sun. You hear the crack of leather on wood as the team's power hitter takes batting practice. Today's the day -- you're starting in the big leagues. After warming up in the bullpen, you're ready to take the mound. You get a few last-minute instructions from the pitching coach, and then it's time. Slowly you walk to the center of the diamond. The batter steps in, and you're ready to play ball!"
"Rescue on Fractalus","","Region Not Set","","Unreleased (Prototype)","GCC","1984-01-01","1","No","Flight Simulator","","Jet through the cavernous canyons of Fractalus™--in panormic realism. Your fellow pilots are waiting desperately for you. But so are the vicious Jaggi™ aliens. You never know what's going to turn up--or where--until it happens...

In 2004 Curt Vendel of AtariMuseum.com uncovered several Atari 7800 prototypes, including the unreleased game Rescue on Fractalus. While the game is not complete, it is fairly far along, runs pretty smoothly, and can be played with the excellent MESS emulator. To start the game after firing it up, press ""R"" (Reset) in MESS. There is a glitch in the emulation right now with the rendering of your view outside the cockpit, but we expect this will be fixed in an upcoming release of MESS."
"Rikki & Vikki","","Other","","","","2018-03-24","2","Yes","Action | Adventure | Puzzle | Platform | Unofficial","Not Rated","Rikki & Vikki is a challenging puzzle-action hybrid for the Atari 7800 ProSystem and Microsoft Windows. Featuring unique mechanics, intricate stages, and dynamic difficulty - this 6 MEGA-POWER epic can be tackled alone or with a friend."
"Rip Off","","Region Not Set","","AtariAge","Bob DeCrescenzo","2012-01-01","2","No","Action","Not Rated","Rip-Off is a top-down vector shoot 'em up arcade game released by Cinematronics in 1980 and brought to the Atari 7800 by Robert DeCrescenzo. It is the first shoot 'em up arcade game to feature cooperative gameplay and to exhibit flocking behavior.

When you start a new game, your pirate-destroying ship will appear on the right side of the screen. In a two player game, a second pirate-destroying ship will appear on the left side of the screen. Your canisters will be in the center. You must guard your canisters from the pirates who will try to steal them. The pirates can appear from anywhere on the screen. Steer your ship with the joystick for left and right rotation. Move your ship forward by pressing the left button or up on a single button joystick.

Press the right button to fire lasers at the pirates. The pirates can be destroyed by colliding with them, but you will then have to wait for your new pirate-destroying ship to appear before you can fire more lasers. The game is over when all the fuel canisters are stolen."
"Robotron: 2084","","Region Not Set","","Atari, Inc.","Williams Electronics, Inc.","1987-01-01","2","No","Action","","At first it was a technological breakthrough. Humans created the Robotrons -- a species of robots so advanced they didn't need their inventors in order to think and act. But the Robotrons have turned on their creators! They're now determined to destroy humanity -- or reprogram the survivors, turning them into destructive mutants!"
"Scramble","","Region Not Set","","Robert DeCrescenzo","Robert DeCrescenzo","2012-01-01","2","No","Shooter","Not Rated","Scramble is another faithful arcade port brought to the Atari 7800 by Robert DeCrescenzo!

Each round consists of five stages and a 'base', or final, stage. Destroy any targets on the ground, or in the air. You can (and should) destroy Rockets, UFOs, Fuel tanks (to give you more fuel), Bonus Items, and the Base itself at the very end. You cannot, however, destroy Meteors and should avoid them at all costs.

Each stage within a round challenges the player with a new type of enemy or terrain to maneuver:

STAGE 1: Launching rockets
STAGE 2: Ufos and caves
STAGE 3: Meteors
STAGE 4: Lauching rockets from tall structures
STAGE 5: Winding maze of buildings
BASE: The base itself that you must destroy
Skill Levels

As you pass each round of five stages and destroy the base, the game play starts over, and the difficulty increases. Your ship burns fuel at a faster rate, and the rockets, UFOs and Meteors become more aggressive.

Easy: No Rockets launch and your ship burns fuel at a very slow rate.
Normal: Only two launching rockets can be on the screen at a time, and your ship burns fuel at a normal rate. This variation is equivalent to the ""Konami"" version of the arcade game.
Hard: Four launching rockets can be on the screen at a time, and your ship burns fuel at a very fast rate. This variation is equivalent to the ""Stern"" version of the arcade game."
"Scrapyard Dog","","Region Not Set","","Atari, Inc.","BlueSky Software","1990-01-01","1","No","Platform","","Can Louie save his pooch from becoming Dogmeat?

Our friend Louie loved his dog. But why would some thugs Poochnap this poor puppy? The thugs want the deed to the scrapyard, Will Louie stand for this?

It's up to you and Louie to survive over 15 levels of danger and find the ultimate bad dude, Mr. Big.

Scrapyard Dog features graphics and sound that push all the limits. It's part of the power that Atari brings you."
"Sentinel","","Region Not Set","","Atari, Inc.","Atari","1991-01-01","2","No","Shooter","","You're a scientist, and your invention, a pulsating, glowing orb called the Sentinel, absorbs and stores energy from a variety of sources. Now Earth is threatened by deadly aliens and you must use your creation to save the planet. The Sentinel absorbs energy from every power pod or energy capsule you shoot with your Atari light gun. When an energy source is hit, a beam blasts out from the Sentinel, strikes the target with hissing force, and draws energy back into your Sentinel. It's up to you to protect the Sentinel as it glides over the planets.

This was the only game for the 7800 that was originally released in PAL format only. Thanks to ResQsoft, an NTSC version is also available for gamers in the Western Hemisphere. Sentinel is a light gun game that is similar to Crossbow in the aspect that you are in charge of protecting your ally, in this case the Sentinel, from attack. The game features four stages, each which its own name and level boss. What makes the game unique is that shooting the large orange Sentinel acts as a smart bomb, destroying everything on the screen. While Sentinel is a very hard title to find in the wild in the Americas, this game is pretty common in Europe and can normally be purchased through online auctions at a reasonable price."
"Sirius","","Region Not Set","","Unreleased (Prototype)","Tynesoft Computer Software","1990-01-01","1","No","Shooter","Not Rated","Sirius is a long lost unreleased prototype developed by Tynesoft for the Atari 7800, possibly a port of the 1990 Amiga game Sirius 7. Sirius' existence has been known for some time, as a physical prototype has been in hands of a collector for years, but this prototype was known to be unstable and crash frequently. The source code for Sirius was discovered in 2008 and several 7800 enthusiasts were able to get it compiled and running properly on stock 7800 hardware.

Sirius is a horizontally oriented space shooter that will feel right at home to those familiar with games such as Gradius and R-Type. The game consists of four different levels, each with its own unique theme and boss. Sirius deftly demonstrates what the 7800 hardware is capable of and compares favorably with NES and Sega Master System games of the time. Unfortunately, Sirius is aggravatingly difficult and will require much practice and patience to succeed through all four levels.

Sirius is a single player game only. The difficulty level (easy and hard) can be selected via the left difficulty switch. Sirius has several different types of weapons power-ups. The first is a ""ghost ship"" that follows you and fires when you fire. Other power-ups include rapid fire guns and rapid fire plus spread fire. You can pick up one extra of each power-up type for reserve so that when you are killed you won't be quite so vulnerable. There are also diamonds that you can pick up but they don't seem to do much other than reward you 300 points.

A partially compiled version of Sirius was discovered by Curt Vendel, and thanks to the efforts 7800 enthusiasts Robert DeCrescenzo, Mitchell Orman, and Eckhard Stolberg, made playable on 7800 hardware. It's a shame that Sirius was not released as it was obviously very close to completion and would have been a boost to the 7800 library."
"Space Duel","","Region Not Set","","AtariAge","Bob DeCrescenzo","2007-01-01","2","Yes","Shooter","Not Rated","No overview is currently available for this title, please feel free to add one."
"Space Invaders","","Region Not Set","","AtariAge","Bob DeCrescenzo","2008-01-01","","No","Shooter","E - Everyone","Space Invaders is a two-dimensional fixed shooter game in which the player controls a laser cannon by moving it horizontally across the bottom of the screen and firing at descending aliens. The aim is to defeat five rows of eleven aliens—some versions feature different numbers—that move horizontally back and forth across the screen as they advance towards the bottom of the screen. The player defeats an alien, and earns points, by shooting it with the laser cannon. As more aliens are defeated, the aliens' movement and the game's music both speed up. Defeating the aliens brings another wave that is more difficult, a loop which can continue indefinitely."
"Summer Games","","Region Not Set","","Atari, Inc.","Epyx","1987-01-01","4","No","Sports","","Experience the power, the glory, the thrill and the challenge of the world's greatest athletic competition: the SUMMER GAMES!

The awe-inspiring OPENING CEREMONY focuses on 3,000 years of noble tradition as you proudly look on, ready to give your very best to honor your country.

This is the moment you've worked and trained so long to achieve, to test your skill under pressure against the best of the world's athletes.  You will try to excel in a whole spectrum of sports events - in track and field, swimming and diving, gymnastics, and skeet shooting.

Boldness.  Skill.  Strategy.  Determination.  The marks of the true champion. If you are victorious, you'll receive the champion's prize - the coveted GOLD MEDAL - before the cheering multitude.  Your triumph might even go down in history as the greatest personal performance ever!

Seize the moment! Prepare for the ultimate challenge! Taste the fruits of hard labor. Give it your best and GO FOR THE GOLD!"
"Super Circus Atariage","","Region Not Set","","AtariAge","Bob DeCrescenzo","2018-10-01","2","Yes","Action","E - Everyone","Big Doings Under The Big Top!

Super Circus AtariAge. How good are your reflexes? As the clown bounces around in the different directions, you try to catch him on the teeter-totter. Send him up to the top of the big top to pop red, yellow, and blue balloons worth different points. The harder the ""pop"", the more you score!

Gameplay

Score as many points as possible by breaking all of the balloons, catching all of the power-up balloons that occasionally drop from a popped balloon, beating the 'boss balloon', and catching one of the bonus items that periodically float across the screen.

Catch your clown on the high end of your teeter-totter (located at the bottom of the screen), so that the clown on the opposite end gets flung into the air! Catching your clown on the outmost edge of the teeter-totter causes him to fly higher.

You have three rows of balloons at the top of the screen; each a different color and each moving at a different velocity. There are also two sets of bumpers that will bounce your clown in different directions when hit. You start the game with three reserve clowns. Each time you miss catching a clown with your teeter-totter (or land a clown on top of the other), you lose a reserve clown. If you lose all of your reserve clowns, your game is over."
"Super Cobra","","Region Not Set","","AtariAge","Bob DeCrescenzo","2012-01-01","2","No","Shooter","Not Rated","No overview is currently available for this title, please feel free to add one."
"Super Huey UH-IX","","Region Not Set","","Atari, Inc.","Cosmi Corporation","1988-01-01","1","No","Flight Simulator","","A port of the 1985 Cosmi home computer game, Atari released this for the 7800 in 1988. This is a decent helicopter combat game, in which you pilot a Super Huey UH-IX."
"Super Pac-Man","","Region Not Set","","Bob DeCrescenzo","Bob DeCrescenzo","2008-01-01","2","No","Action","E - Everyone","It's a Bird...It's a Plane...No, it's Super Pac-Man!!!

The Monster Gang from Pac-Man is at it again! Who will stop their dastardly deeds?

Never Fear! Super Pac-Man is here to save the maze!

Super Pac-Man is a port to the 7800 of the arcade game of the same name. Pac-Man and the monsters from the original Pac-Man return, but this is no ordinary Pac-Man game! In Super Pac-Man you must eat the keys to open doors blocking tasty goodies that you need to snap up to clear the maze.

Chomp a Power Pellet to gobble up the Monsters like in classic Pac-Man or forego the mild-mannered munching with a Super Pellet and become the super-sized, super-fast, super-invulnerable Super Pac-Man, capable of smashing down the doors that block your passage!

All we have to say is that if Bob DeCrescenzo was writing games for the Atari 7800 ""back in the day"", the system surely would have been a stellar hit! Super Pac-Man is one of Bob's latest Atari 7800 creations, and another great arcade classic he's brought to the 7800.

Super Pac-Man has a unique style compared to most Pac-Man games--your goal in this game is to gobble up keys that open doors giving Pac-Man access to fruits and prizes he must devour, as opposed to dots. Pac-Man can eat Super Power Energizers which turn him into Super Pac-Man. Super Pac-Man is considerably larger in size, can zoom much faster, and can crash through any locked doors. Super Pac-Man can also pass through (over?) ghosts without dying.

Pac-Man fans will not want to miss Super Pac-Man on the 7800. Even the intermissions from the original arcade game are included!

Includes cartridge and four-page, full-color manual. Available in NTSC and PAL television formats, please specify above when ordering."
"Super Skateboardin'","","Region Not Set","","Absolute Entertainment","Absolute Entertainment","1988-01-01","1","No","Racing","","Your Dad got you an after-school job at the factory where he works.  You need the money 'cuz being the most radical boarder around means you've got heavy expenses.

The job is a skateboarder's dream come true.  Miles of halls and tubes to perfect your moves.  Just cruise through and turn off all the machines and lights in the factory.  Hurry up 'cuz power is leaking out fast!

Naturally, there's a catch.  You get paid depending on how much power you save.  And you've got to be out of the factory by 5:15 pm today.  One second more and you'll never make the deadline for entering the Skateboarding Championship."
"T:ME Salvo","TiME Salvo","Other","","AtariAge","","2016-04-18","1","No","Action | Strategy | Shooter | Unofficial","Not Rated","The Time Traveler journeyed to the year 802,701 and discovered that humanity has split into two distinct species. Gentle humanoids called the Eloi are tended to as cattle by the other species - foul underground creatures called the Morlocks.
The Time Traveler attempted to free the Eloi from the Morlocks. Wave after wave of the evil creatures and their deadly machines moved in to destroy him, but somehow he managed to fend them all off, banishing them to eternity.
Standing on the eerie quiet of the battlefield he wondered to himself. Now that the simple Eloi were free, what would become of them? Would they learn to become masters of their own fate, or would mankind's feeble destiny fade away?
Deciding there was only one way to find out, The Traveler jumped into the seat of his machine and pulled a lever. Gears engaged and crystals spun as he jumped forward ten thousand years.
Waves of disgust overwhelmed him as he stared at the scene. Several grey figures crouched over their frail humanoid prey, which lay still on the ground. The foul Morlocks had somehow returned.
In T:ME Salvo, you take control of the furious Time Traveler, in his futile effort to break the cycle. Rage against the Morlocks. Rage against time itself.

Shoot the enemies, and avoid being shot.
After some time passes in the level, humanoids will begin appearing. Your enemies will kill the humanoids if they touch them, but if you run into the humanoids they will follow you. Keep them safe until the end of the level.
Periodically you will need to refuel on ammunition. An alarm will sound, and you'll see the ammunition on the playfield. Run across the ammunition to pick it up.
If you see a smartbomb, run over it to wipe out every enemy on the battlefield.
Every 2 rounds you will reach the challenging stage, where 4 waves of enemies will race across the screen in patterns. If you shoot all 44 enemies you will earn an extra life."
"Tank Command","","Region Not Set","","Froggo Games Corporation","Froggo Games Corporation","1988-01-01","1","No","Action","","Tank Command is a vertically scrolling action game. You control a tank on a mission to capture the enemy flag as well as earn as many points as possible. To do this, you will need to blast your way through their defenses on three levels of increasing difficulty. Blocking your progress are enemy tanks, pillboxes, missiles, jeeps, infantry, huts, and more, all of which earn you points when destroyed. Your tank is equipped with a limited amount of fuel and ammo, however it can be replenished occasionally by collecting the bonus icons when they appear on the screen. If you can make it past all of the obstacles and capture the flag, then you win the game!

The 7800 is pretty much void of super-rare games like the 2600'?s Tooth Protectors and Chase the Chuckwagon, but don't worry, tracking down Tank Command in a box will cost you a pretty penny. As far as gameplay goes, Tank Command is not going to blow anyone away. Here you have a vertical scroller like Commando or Ikari Warriors minus the charm, quality level design, and reasonable difficulty. There are only three levels in the game, but just like its Froggo cousin Water Ski, the difficulty ramps so severely after the mindless first level that continuing takes strong will. The pink terrain is a bit odd, as well. Tank Command was only released in NTSC format."
"Title Match Pro Wrestling","","Region Not Set","","Absolute Entertainment","Alec DeMeo","1989-01-01","2","No","Sports","","FEATURING TAG-TEAM
Calling all wrestling maniacs! Tonight's the title match! Climb into the ring and strut your stuff - mix it up with some of the world's most savage wrestlers as you compete for the ""Absolute Title Belt"".

But prepare yourself for Skin Head's pulverizing rope dives, Mad Dog's vicious airplane spins, Big Chief's bone crushing bear hugs and Mr. Mean's paralyzing body slams.

The sizzling action never stops, whether you battle it out one-on-one, or go to war for the Tag Team Belt. And after it's all aver, if you think you're really good, match yourself against the computer to see who's the ultimate ring warrior."
"Tomcat: The F-14 Fighter Simulator","","Region Not Set","","Absolute Entertainment","Dan Kitchen","1989-01-01","1","No","Action | Flight Simulator","","Become a F-14 Naval Aviator undergoing seek and destroy missions while dodging and gunning enemy bogeys in deadly dogfights with your 20mm cannon and air-to-air missiles.

Your cockpit comes with state of the art technology, courtesy of the U.S. Air Force: Display and main computer, Bogey Alert Indicator, G-Force Indicator, Electronic Counter Measures, and a Cannon Overheat Indicator (yes, it can overheat!)...and if your feeling up to it, give the ol'bird a boost to Mach 1.0!

The gameplay like other simulation games consists of taking off, flying, combat and landing. Though most of the gameplay focuses around dogfighting with enemy bogeys (dodging missiles). In addition to that, there are also night-flying missions that add difficulty due to limited vision.

Taking off and landing however, also requires additional skill as your doing it on the USS Enterprise (No relation to Star Trek), not on your standard airstrip. Pay attention to the F.D. officer as your preparing to take off (since he's the boss when it comes to this stuff...and try not to run over him...yet).

Your weaponry consists of a M 61 Machine Gun and 3 different AIM Missiles (AIM 7, 9, 54) each packed with 15 missiles (that's a lot of missiles!).

After each mission you will receive a Mission Rating which is based on your flying skill, number of bogey kill and number of weapons fired."
"Touchdown Football","","Region Not Set","","Atari, Inc.","Electronic Arts","1988-01-01","2","No","Sports","","It's fourth and long with less than a minute remaining in the game.  The winner gets a wild card berth in the playoffs.  You're down by a field goal. Your quarterback makes a perfect pass, your receiver is wide open, and then you see the referee's arms fly up signaling the touchdown.  You're going to the playoffs."
"Tower Toppler","","Region Not Set","","Atari, Inc.","U.S. Gold Ltd.","1988-01-01","2","No","Platform","","A serious problem is blocking attempts to colonize the otherwise life-compatible planet Nebulus: it's water is poisonous! The only way to return the water to its harmless, natural form is to destroy the eight enormous towers that maintain a mysterious, lethal hold over all forms of this valuable resource.

Spurred to action by the needs of your dangerously overpopulated home planet, you must attempt to conquer these alien-forsaken relics once and for all. But it won't be easy! You'll have to climb each tower all the way to the top in order to detonate its vulnerable spot. And, succeeding towers are more difficult to topple!

You'll need all your wits about you to avoid huge, crushing boulders, giant eyes, and indestructible mutant molecules! And watch out for those slippery stairs and disintegrating ledges. One false step and you'll plummet to the depths below!"
"Wasp!","","Region Not Set","","AtariAge","Mark Ball","2009-01-01","1","No","Action","E - Everyone","It's The Enchanted Land's annual Mushroom Soup Festival. While out in the woods collecting mushrooms you stumble across a nest of Giant Killer Wasps. With no giants to kill they make a wasp line for... YOU!

Wasp! is Mark Ball's first foray into Atari 7800 programming, and is (as far as we're aware) the first 7800 game written in the C programming language. Wasp! was originally written as a demo, but quickly evolved into a playable game.

Your goal in Wasp! is fairly simple--collect as many mushrooms as you can while avoiding the angry wasps! How long can you survive their flying wrath?"
"Water Ski","","Region Not Set","","Froggo Games Corporation","Froggo Games Corporation","1988-05-27","","No","Sports","","In Water Ski you are water skiing on the Pharonna River. You control both the boat and skier in this vertically scrolling action game. Your goal is to reach the finish line before time runs out and also to earn as many points as possible. The river is quite dangerous, and features many twists and turns along with rocks, logs and other obstacles. For bonus points there are numerous ramps located throughout the river which your skier can jump over (and if you can manage to ski over every ramp on the level, you'll earn even more points!). You start the game with four skiers, and the game ends when all of you skiers have crashed."
"Winter Games","","Region Not Set","","Atari, Inc.","Epyx","1987-01-01","4","No","Sports","","You're an athlete at the 1988 Winter Games at Calgary, Alberta, Canada. You're about to move across snow and ice with as much speed, strength, endurance and grace as you can muster in the blustery cold.

This is the winter portion of the world's foremost amateur sports competition. You'll match your skills against the top athletes.

Be proud. Today you stand among the elite few whose courage and stamina will be tested by these Winter Games. Listen. A fanfare of trumpets sound as thousands of white doves are releases, symbolically to fly to the countries of the world with the message of peace -- and the news that the Winter Games have begun. This is it -- your chance to go for the gold!"
"Wordle","","NTSC-U","United States of America","AtariAge","AtariAge","2022-02-03","1","No","Puzzle | Quiz | Unofficial","Not Rated","Guess the WORDLE in 6 tries.
Each guess must be a valid 5 letter word. Hit the enter button to submit.
After each guess, the color of the tiles will change to show how close your guess was to the word.

The game contains the 2,315 wordles! and the 10,657 allowed entry dictionaries from the original."
"Worm!","","Region Not Set","","AtariAge","Mark Ball","2010-01-01","1","No","Action","E - Everyone","Help Brian the worm avoid the mushrooms and eat the flowers to escape from the garden. If you eat the mushrooms, bump into a wall or bite yourself you'll lose a life. Every time you eat a flower you get a little longer until you've eaten your fill. Both the flowers and mushrooms are placed in the gardens randomly. As you progress through the game you start each level longer than the last with more flowers to eat and mushrooms to avoid. After a certain number of levels you'll begin to get faster too."
"Xenophobe","","Region Not Set","","Atari, Inc.","Bally | 																Midway","1989-01-01","2","No","Platform","","Hostile aliens - Xenophobes - are infesting space stations vital to your planet's security.  These aliens threaten to overrun the stations, rendering the space stations useless.

You are part of an elite team who is ready to speed to these endangered space stations.  Your mission is clear: destroy the aliens, regain control of the space stations, and pick up any valuable hardware you might discover as you sweep the stations for aliens.

The aliens are a swarming band of uglies, straight out of your worst nightmare. You'll need to use your talent just to stay alive as you rid each space station of these pests.  You don't want to let them catch you.  It's them or you.

The message has come.  It's up to you and your teammates to cleanse each space station of aliens.  Your Mother Ship brings you to the vicinity of each overrun space station.  You then enter the space station via a transfer disk.

Team up with another member of your elite squad, or work on your own to clear the aliens from an infested space station.  Just be careful as you enter a space station.  The aliens are everywhere!"
"Xevious","","Region Not Set","","Atari, Inc.","Namco","1988-01-01","2","No","","","It's a nightmare, but it's true! Research shows that we are the actual aliens on Earth, and the ruthless Xevions are the original inhabitants.

Now the Xevions want Earth back -- minus humans! Their invasion forces are fierce -- the land is crawling with deadly Domogram Rovers; the sky is black with Toroid Patrol Fleets and Zoshi Death Squads.

Our puny weapons offer no defense. Earth's only hope is our powerful new Solvalou Fighter Plane. Its pilot will have a single mission: Penetrate the enemy ranks and destroy the Xevious Mother Ship.

The mission is dangerous. We can't guarantee success. But at this point, it's do or die!

One small problem. We still need a pilot. Any volunteers?"
